Titulo;Genero;Temporadas;PreEstreia;Linguagem;Ativo;Status;dt_inclusao;Data de Alteracao
Knights of the Zodiac: Saint Seiya;Action;a ser anunciado;"";English;1;Pending;2021-03-16T21:20:24.167-03:00;2021-11-22
Kengan Ashura;Action;a ser anunciado;"";English;1;Pending;2021-03-16T21:20:24.167-03:00;2021-11-22
Blazing Transfer Students;Action comedy;1 season, 8 episodes;"";Japanese;0;Ended;2021-03-16T21:20:24.167-03:00;2021-11-22
Beyond Stranger Things;Aftershow;1 season, 7 episodes;"";English;1;Pending;2021-03-16T21:20:24.167-03:00;2021-11-22
Love, Death & Robots;Anthology;1 volume, 18 episodes;"";English;1;Renewed;2021-03-16T21:20:24.167-03:00;2021-11-22
Sugar Rush;Baking competition;1 season, 8 episodes;"";English;1;Renewed;2021-03-16T21:20:24.167-03:00;2021-11-22
Abstract: The Art of Design;Biography;1 season, 8 episodes;"";English;0;Ended;2021-03-16T21:20:24.167-03:00;2021-11-22
The Day I Met El Chapo;Biography;1 season, 3 episodes;"";English;0;Ended;2021-03-16T21:20:24.167-03:00;2021-11-22
BoJack Horseman;Black comedy-drama;5 seasons, 61 episodes;"";English;1;Renewed;2021-03-16T21:20:24.167-03:00;2021-11-22
A Series of Unfortunate Events;Black-comedy mystery;3 seasons, 25 episodes;"";English;0;Ended;2021-03-16T21:20:24.167-03:00;2021-11-22
Dancing Queen;Celebrity;1 season, 8 episodes;"";English;1;Pending;2021-03-16T21:20:24.167-03:00;2021-11-22
Chasing Cameron;Celebrity;1 season, 10 episodes;"";English;0;Ended;2021-03-16T21:20:24.167-03:00;2021-11-22
GLOW;Comedy;2 seasons, 20 episodes;"";English;1;Renewed;2021-03-16T21:20:24.167-03:00;2021-11-22
The Kominsky Method;Comedy;1 season, 8 episodes;"";English;1;Renewed;2021-03-16T21:20:24.167-03:00;2021-11-22
Russian Doll;Comedy;1 season, 8 episodes;"";English;1;Renewed;2021-03-16T21:20:24.167-03:00;2021-11-22
After Life;Comedy;1 season, 6 episodes;"";English;1;Renewed;2021-03-16T21:20:24.167-03:00;2021-11-22
Turn Up Charlie;Comedy;1 season, 8 episodes;"";English;1;Pending;2021-03-16T21:20:24.167-03:00;2021-11-22
Huge in France;Comedy;1 season, 8 episodes;"";English;1;Pending;2021-03-16T21:20:24.167-03:00;2021-11-22
Special;Comedy;1 season, 8 episodes;"";English;1;Pending;2021-03-16T21:20:24.167-03:00;2021-11-22
Lunatics;Comedy;1 season, 10 episodes;"";English;1;Pending;2021-03-16T21:20:24.167-03:00;2021-11-22
It's Bruno!;Comedy;1 season, 8 episodes;"";English;1;Pending;2021-03-16T21:20:24.167-03:00;2021-11-22
Mr. Iglesias;Comedy;1 season, 10 episodes;"";English;1;Pending;2021-03-16T21:20:24.167-03:00;2021-11-22
Family Reunion[64];Comedy;a ser anunciado;"";English;1;Pending;2021-03-16T21:20:24.167-03:00;2021-11-22
The Politician;Comedy;a ser anunciado;"";English;1;Renewed;2021-03-16T21:20:24.167-03:00;2021-11-22
Paradise PD;Comedy;1 season, 10 episodes;"";English;1;Renewed;2021-03-16T21:20:24.167-03:00;2021-11-22
Tuca & Bertie;Comedy;1 season, 10 episodes;"";English;1;Pending;2021-03-16T21:20:24.167-03:00;2021-11-22
Aggretsuko;Comedy;2 seasons, 20 episodes;"";English;1;Pending;2021-03-16T21:20:24.167-03:00;2021-11-22
Malibu Rescue: The Series;Comedy;1 season, 8 episodes;"";English;1;Pending;2021-03-16T21:20:24.167-03:00;2021-11-22
Samantha!;Comedy;2 seasons, 14 episodes;"";Portuguese;1;Pending;2021-03-16T21:20:24.167-03:00;2021-11-22
Jimmy: The True Story of a True Idiot;Comedy;1 season, 9 episodes;"";Japanese;1;Pending;2021-03-16T21:20:24.167-03:00;2021-11-22
The House of Flowers;Comedy;1 season, 13 episodes;"";Spanish;1;Renewed;2021-03-16T21:20:24.167-03:00;2021-11-22
YG Future Strategy Office;Comedy;1 season, 8 episodes;"";Korean;1;Pending;2021-03-16T21:20:24.167-03:00;2021-11-22
Family Business;Comedy;a ser anunciado;"";French;1;Pending;2021-03-16T21:20:24.167-03:00;2021-11-22
Unbreakable Kimmy Schmidt;Comedy;4 seasons, 51 episodes;"";English;0;Ended;2021-03-16T21:20:24.167-03:00;2021-11-22
Master of None;Comedy;2 seasons, 20 episodes;"";English;0;Ended;2021-03-16T21:20:24.167-03:00;2021-11-22
Flaked;Comedy;2 seasons, 14 episodes;"";English;0;Ended;2021-03-16T21:20:24.167-03:00;2021-11-22
Lady Dynamite;Comedy;2 seasons, 20 episodes;"";English;0;Ended;2021-03-16T21:20:24.167-03:00;2021-11-22
Haters Back Off;Comedy;2 seasons, 16 episodes;"";English;0;Ended;2021-03-16T21:20:24.167-03:00;2021-11-22
Girlboss;Comedy;1 season, 13 episodes;"";English;0;Ended;2021-03-16T21:20:24.167-03:00;2021-11-22
Friends from College;Comedy;2 seasons, 16 episodes;"";English;0;Ended;2021-03-16T21:20:24.167-03:00;2021-11-22
Disjointed;Comedy;2 parts, 20 episodes;"";English;0;Ended;2021-03-16T21:20:24.167-03:00;2021-11-22
All About the Washingtons;Comedy;1 season, 10 episodes;"";English;0;Ended;2021-03-16T21:20:24.167-03:00;2021-11-22
Project Mc2;Comedy;6 parts, 26 episodes;"";English;0;Ended;2021-03-16T21:20:24.167-03:00;2021-11-22
Best.Worst.Weekend.Ever.;Comedy;8 episodes;"";English;0;Miniseries;2021-03-16T21:20:24.167-03:00;2021-11-22
My Only Love Song;Comedy;1 season, 20 episodes;"";Korean;0;Ended;2021-03-16T21:20:24.167-03:00;2021-11-22
Club de Cuervos Presents: The Ballad of Hugo Sánchez;Comedy;1 season, 6 episodes;"";Spanish;0;Ended;2021-03-16T21:20:24.167-03:00;2021-11-22
Russell Peters Vs. the World;Comedy;1 season, 4 episodes;"";English;0;Ended;2021-03-16T21:20:24.167-03:00;2021-11-22
Chelsea Does;Comedy;1 season, 4 episodes;"";English;0;Ended;2021-03-16T21:20:24.167-03:00;2021-11-22
The Joel McHale Show with Joel McHale;Comedy;2 parts, 19 episodes;"";English;0;Ended;2021-03-16T21:20:24.167-03:00;2021-11-22
Orange Is the New Black;Comedy-drama;6 seasons, 78 episodes;"";English;1;Renewed;2021-03-16T21:20:24.167-03:00;2021-11-22
Grace and Frankie;Comedy-drama;5 seasons, 65 episodes;"";English;1;Renewed;2021-03-16T21:20:24.167-03:00;2021-11-22
She's Gotta Have It;Comedy-drama;2 seasons, 19 episodes;"";English;1;Pending;2021-03-16T21:20:24.167-03:00;2021-11-22
Club de Cuervos;Comedy-drama;4 seasons, 45 episodes;"";Spanish;0;Ended;2021-03-16T21:20:24.167-03:00;2021-11-22
Santa Clarita Diet;Comedy-horror;3 seasons, 30 episodes;"";English;0;Ended;2021-03-16T21:20:24.167-03:00;2021-11-22
Mystery Science Theater 3000: The Return;Comic science fiction;2 seasons, 20 episodes;"";English;1;Pending;2021-03-16T21:20:24.167-03:00;2021-11-22
Atypical;Coming-of-age comedy;2 seasons, 18 episodes;"";English;1;Renewed;2021-03-16T21:20:24.167-03:00;2021-11-22
On My Block;Coming-of-age comedy;2 seasons, 20 episodes;"";English;1;Renewed;2021-03-16T21:20:24.167-03:00;2021-11-22
Big Mouth;Coming-of-age comedy;2 seasons, 21 episodes;"";English;1;Renewed;2021-03-16T21:20:24.167-03:00;2021-11-22
Everything Sucks!;Coming-of-age comedy;1 season, 10 episodes;"";English;0;Ended;2021-03-16T21:20:24.167-03:00;2021-11-22
Sex Education;Coming-of-age comedy-drama;1 season, 8 episodes;"";English;1;Renewed;2021-03-16T21:20:24.167-03:00;2021-11-22
Trinkets;Coming-of-age drama;1 season, 10 episodes;"";English;1;Pending;2021-03-16T21:20:24.167-03:00;2021-11-22
Ultimate Beastmaster;Competition;3 seasons, 29 episodes;"";English;1;Pending;2021-03-16T21:20:24.167-03:00;2021-11-22
Nailed It!;Competition;3 seasons, 19 episodes;"";English;1;Pending;2021-03-16T21:20:24.167-03:00;2021-11-22
Cooking on High;Cooking show;1 season, 12 episodes;"";English;0;Ended;2021-03-16T21:20:24.167-03:00;2021-11-22
The Curious Creations of Christine McConnell;Cooking show;1 season, 6 episodes;"";English;0;Ended;2021-03-16T21:20:24.167-03:00;2021-11-22
Hero Mask;Crime;1 season, 15 episodes;"";English;1;Pending;2021-03-16T21:20:24.167-03:00;2021-11-22
Ozark;Crime drama;2 seasons, 20 episodes;"";English;1;Renewed;2021-03-16T21:20:24.167-03:00;2021-11-22
Mindhunter;Crime drama;1 season, 10 episodes;"";English;1;Renewed;2021-03-16T21:20:24.167-03:00;2021-11-22
Narcos: Mexico;Crime drama;1 season, 10 episodes;"";English;1;Renewed;2021-03-16T21:20:24.167-03:00;2021-11-22
Suburra: Blood on Rome;Crime drama;2 seasons, 18 episodes;"";Italian;1;Renewed;2021-03-16T21:20:24.167-03:00;2021-11-22
The Mechanism;Crime drama;2 seasons, 16 episodes;"";Portuguese;1;Pending;2021-03-16T21:20:24.167-03:00;2021-11-22
Wild District;Crime drama;1 season, 10 episodes;"";Spanish;1;Renewed;2021-03-16T21:20:24.167-03:00;2021-11-22
Quicksand;Crime drama;1 season, 6 episodes;"";Swedish;1;Pending;2021-03-16T21:20:24.167-03:00;2021-11-22
Making a Murderer;Crime drama;2 parts, 20 episodes;"";English;1;Pending;2021-03-16T21:20:24.167-03:00;2021-11-22
Narcos;Crime drama;3 seasons, 30 episodes;"";English;0;Ended;2021-03-16T21:20:24.167-03:00;2021-11-22
Seven Seconds;Crime drama;1 season, 10 episodes;"";English;0;Ended;2021-03-16T21:20:24.167-03:00;2021-11-22
Estocolmo;Crime drama;1 season, 13 episodes;"";Spanish;0;Ended;2021-03-16T21:20:24.167-03:00;2021-11-22
The Keepers;Crime drama;7 episodes;"";English;0;Miniseries;2021-03-16T21:20:24.167-03:00;2021-11-22
The Punisher;Crime drama/conspiracy thriller;2 seasons, 26 episodes;"";English;0;Ended;2021-03-16T21:20:24.167-03:00;2021-11-22
Daredevil;Crime drama/legal drama;3 seasons, 39 episodes;"";English;0;Ended;2021-03-16T21:20:24.167-03:00;2021-11-22
Crime Diaries: The Candidate;Crime anthology series;8 episodes;"";Spanish;0;Miniseries;2021-03-16T21:20:24.167-03:00;2021-11-22
Crime Diaries: Night Out;Crime anthology series;8 episodes;"";Spanish;0;Miniseries;2021-03-16T21:20:24.167-03:00;2021-11-22
Élite;Crime teen drama;1 season, 8 episodes;"";Spanish;1;Renewed;2021-03-16T21:20:24.167-03:00;2021-11-22
Chef's Table;Culinary art;6 volumes, 30 episodes;"";English;1;Renewed;2021-03-16T21:20:24.167-03:00;2021-11-22
Street Food;Culinary art;1 season, 9 episodes;"";English;1;Pending;2021-03-16T21:20:24.167-03:00;2021-11-22
The Chef Show;Culinary art;1 season, 8 episodes;"";English;1;Pending;2021-03-16T21:20:24.167-03:00;2021-11-22
Cooked;Culinary art;4 episodes;"";English;0;Miniseries;2021-03-16T21:20:24.167-03:00;2021-11-22
Chef's Table: France;Culinary art;1 season, 4 episodes;"";English;0;Ended;2021-03-16T21:20:24.167-03:00;2021-11-22
The Final Table;Culinary competition;1 season, 10 episodes;"";English;1;Pending;2021-03-16T21:20:24.167-03:00;2021-11-22
Bonding;Dark comedy;1 season, 7 episodes;"";English;1;Pending;2021-03-16T21:20:24.167-03:00;2021-11-22
How to Sell Drugs Online (Fast);Dark comedy;1 season, 6 episodes;"";German;1;Pending;2021-03-16T21:20:24.167-03:00;2021-11-22
Maniac;Dark comedy;10 episodes;"";English;0;Miniseries;2021-03-16T21:20:24.167-03:00;2021-11-22
Insatiable;Dark comedy-drama;1 season, 12 episodes;"";English;1;Renewed;2021-03-16T21:20:24.167-03:00;2021-11-22
Dead to Me;Dark comedy-drama;1 season, 10 episodes;"";English;1;Renewed;2021-03-16T21:20:24.167-03:00;2021-11-22
Castlevania;Dark fantasy;2 seasons, 12 episodes;"";English;1;Renewed;2021-03-16T21:20:24.167-03:00;2021-11-22
Explained;Docu-series;1 season, 20 episodes;"";English;1;Renewed;2021-03-16T21:20:24.167-03:00;2021-11-22
Marching Orders;Docu-series;1 season, 12 episodes;"";English;1;Pending;2021-03-16T21:20:24.167-03:00;2021-11-22
Afflicted;Docu-series;1 season, 7 episodes;"";English;1;Pending;2021-03-16T21:20:24.167-03:00;2021-11-22
Boca Juniors Confidential;Docu-series;1 season, 4 episodes;"";English;1;Pending;2021-03-16T21:20:24.167-03:00;2021-11-22
Terrorism Close Calls;Docu-series;1 season, 10 episodes;"";English;1;Pending;2021-03-16T21:20:24.167-03:00;2021-11-22
Medal of Honor;Docu-series;1 season, 8 episodes;"";English;1;Pending;2021-03-16T21:20:24.167-03:00;2021-11-22
Dogs;Docu-series;1 season, 6 episodes;"";English;1;Renewed;2021-03-16T21:20:24.167-03:00;2021-11-22
Vai Anitta;Docu-series;1 season, 6 episodes;"";English;1;Pending;2021-03-16T21:20:24.167-03:00;2021-11-22
Inside the Real Narcos;Docu-series;1 season, 3 episodes;"";English;1;Pending;2021-03-16T21:20:24.167-03:00;2021-11-22
7 Days Out;Docu-series;1 season, 6 episodes;"";English;1;Pending;2021-03-16T21:20:24.167-03:00;2021-11-22
Trigger Warning with Killer Mike;Docu-series;1 season, 6 episodes;"";English;1;Pending;2021-03-16T21:20:24.167-03:00;2021-11-22
Larry Charles: The Dangerous World of Comedy;Docu-series;1 season, 4 episodes;"";English;1;Pending;2021-03-16T21:20:24.167-03:00;2021-11-22
Killer Ratings;Docu-series;1 season, 7 episodes;"";English;1;Pending;2021-03-16T21:20:24.167-03:00;2021-11-22
The Last Czars;Docu-series;a ser anunciado;"";English;1;Pending;2021-03-16T21:20:24.167-03:00;2021-11-22
Follow This;Docu-series;3 parts, 20 episodes;"";English;0;Ended;2021-03-16T21:20:24.167-03:00;2021-11-22
1994;Docu-series;5 episodes;"";English;0;Miniseries;2021-03-16T21:20:24.167-03:00;2021-11-22
Dope;Documentary;2 seasons, 8 episodes;"";English;1;Renewed;2021-03-16T21:20:24.167-03:00;2021-11-22
The Toys That Made Us;Documentary;2 seasons, 8 episodes;"";English;1;Renewed;2021-03-16T21:20:24.167-03:00;2021-11-22
Dirty Money;Documentary;1 season, 6 episodes;"";English;1;Renewed;2021-03-16T21:20:24.167-03:00;2021-11-22
Girls Incarcerated;Documentary;2 seasons, 16 episodes;"";English;1;Pending;2021-03-16T21:20:24.167-03:00;2021-11-22
Captive;Documentary;8 episodes;"";English;0;Miniseries;2021-03-16T21:20:24.167-03:00;2021-11-22
Hot Girls Wanted: Turned On;Documentary;6 episodes;"";English;0;Miniseries;2021-03-16T21:20:24.167-03:00;2021-11-22
Daughters of Destiny;Documentary;4 episodes;"";English;0;Miniseries;2021-03-16T21:20:24.167-03:00;2021-11-22
Rotten;Documentary;1 season, 6 episodes;"";English;0;Ended;2021-03-16T21:20:24.167-03:00;2021-11-22
Drug Lords;Documentary;2 seasons, 8 episodes;"";English;0;Ended;2021-03-16T21:20:24.167-03:00;2021-11-22
Flint Town;Documentary;8 episodes;"";English;0;Miniseries;2021-03-16T21:20:24.167-03:00;2021-11-22
Wild Wild Country;Documentary;6 episodes;"";English;0;Miniseries;2021-03-16T21:20:24.167-03:00;2021-11-22
Rapture;Documentary;1 season, 8 episodes;"";English;0;Ended;2021-03-16T21:20:24.167-03:00;2021-11-22
November 13: Attack on Paris;Documentary;3 episodes;"";English;0;Miniseries;2021-03-16T21:20:24.167-03:00;2021-11-22
The Ponysitters Club;Drama;2 seasons, 20 episodes;"";English;1;Pending;2021-03-16T21:20:24.167-03:00;2021-11-22
Sacred Games;Drama;1 season, 8 episodes;"";Hindi;1;Renewed;2021-03-16T21:20:24.167-03:00;2021-11-22
Baby;Drama;1 season, 6 episodes;"";Italian;1;Renewed;2021-03-16T21:20:24.167-03:00;2021-11-22
Dogs of Berlin;Drama;1 season, 10 episodes;"";German;1;Pending;2021-03-16T21:20:24.167-03:00;2021-11-22
Selection Day;Drama;1 season, 12 episodes;"";Hindi;1;Pending;2021-03-16T21:20:24.167-03:00;2021-11-22
Yankee;Drama;1 season, 25 episodes;"";Spanish;1;Pending;2021-03-16T21:20:24.167-03:00;2021-11-22
Leila;Drama;1 season, 6 episodes;"";Hindi;1;Pending;2021-03-16T21:20:24.167-03:00;2021-11-22
The Naked Director;Drama;a ser anunciado;"";Japanese;1;Pending;2021-03-16T21:20:24.167-03:00;2021-11-22
Sintonia;Drama;a ser anunciado;"";Portuguese;1;Pending;2021-03-16T21:20:24.167-03:00;2021-11-22
When They See Us;Drama;4 episodes;"";English;0;Miniseries;2021-03-16T21:20:24.167-03:00;2021-11-22
Edha;Drama;1 season, 10 episodes;"";Spanish;0;Ended;2021-03-16T21:20:24.167-03:00;2021-11-22
Persona;Drama anthology series;1 season, 4 episodes;"";Korean;0;Ended;2021-03-16T21:20:24.167-03:00;2021-11-22
The Who Was? Show;Educational;1 season, 13 episodes;"";English;1;Pending;2021-03-16T21:20:24.167-03:00;2021-11-22
Brainchild;Educational;1 season, 13 episodes;"";English;1;Pending;2021-03-16T21:20:24.167-03:00;2021-11-22
Julie's Greenroom;Educational;1 season, 13 episodes;"";English;0;Ended;2021-03-16T21:20:24.167-03:00;2021-11-22
Gilmore Girls: A Year in the Life;Family drama;4 episodes;"";English;0;Miniseries;2021-03-16T21:20:24.167-03:00;2021-11-22
The Dark Crystal: Age of Resistance;Fantasy;1 season, 10 episodes;"";English;1;Pending;2021-03-16T21:20:24.167-03:00;2021-11-22
Kingdom;Fantasy;1 season, 6 episodes;"";Korean;1;Renewed;2021-03-16T21:20:24.167-03:00;2021-11-22
Jinn;Fantasy adventure;1 season, 5 episodes;"";Arabic;1;Pending;2021-03-16T21:20:24.167-03:00;2021-11-22
The Crown;Historical drama;2 seasons, 20 episodes;"";English;1;Renewed;2021-03-16T21:20:24.167-03:00;2021-11-22
Roman Empire;Historical drama;3 seasons, 15 episodes;"";English;1;Pending;2021-03-16T21:20:24.167-03:00;2021-11-22
Marco Polo;Historical drama;2 seasons, 20 episodes;"";English;0;Ended;2021-03-16T21:20:24.167-03:00;2021-11-22
Five Came Back;Historical drama;3 episodes;"";English;0;Miniseries;2021-03-16T21:20:24.167-03:00;2021-11-22
Bobby Kennedy for President;History;4 chapters;"";English;0;Miniseries;2021-03-16T21:20:24.167-03:00;2021-11-22
Typewriter;Horror;a ser anunciado;"";Hindi;1;Pending;2021-03-16T21:20:24.167-03:00;2021-11-22
Haunted;Horror;1 season, 6 episodes;"";English;1;Pending;2021-03-16T21:20:24.167-03:00;2021-11-22
Hemlock Grove;Horror/thriller;3 seasons, 33 episodes;"";English;0;Ended;2021-03-16T21:20:24.167-03:00;2021-11-22
The Haunting;Horror anthology;1 season, 10 episodes;"";English;1;Renewed;2021-03-16T21:20:24.167-03:00;2021-11-22
Diablero;Horror fantasy thriller;1 season, 8 episodes;"";Spanish;1;Renewed;2021-03-16T21:20:24.167-03:00;2021-11-22
Ghoul;Horror miniseries;3 episodes;"";Hindi;0;Miniseries;2021-03-16T21:20:24.167-03:00;2021-11-22
You vs. Wild;Interactive Reality;1 season, 8 episodes;"";English;1;Pending;2021-03-16T21:20:24.167-03:00;2021-11-22
13 Reasons Why: Beyond the Reasons;Interview;2 seasons, 2 episodes;"";English;1;Pending;2021-03-16T21:20:24.167-03:00;2021-11-22
My Next Guest Needs No Introduction with David Letterman;Interview;2 seasons, 12 episodes;"";English;1;Pending;2021-03-16T21:20:24.167-03:00;2021-11-22
Busted!;Korean language variety show;1 season, 10 episodes;"";Korean;1;Renewed;2021-03-16T21:20:24.167-03:00;2021-11-22
The Break with Michelle Wolf;Late-night;1 season, 10 episodes;"";English;1;Renewed;2021-03-16T21:20:24.167-03:00;2021-11-22
Chelsea;Late-night;2 seasons, 120 episodes;"";English;0;Ended;2021-03-16T21:20:24.167-03:00;2021-11-22
Queer Eye;Makeover reality;3 seasons, 24 episodes;"";English;1;Renewed;2021-03-16T21:20:24.167-03:00;2021-11-22
Baki;Martial arts;2 parts, 26 episodes;"";English;1;Renewed;2021-03-16T21:20:24.167-03:00;2021-11-22
Iron Fist;Martial arts/business drama;2 seasons, 23 episodes;"";English;0;Ended;2021-03-16T21:20:24.167-03:00;2021-11-22
Disenchantment;Medieval fantasy comedy;1 part, 10 episodes;"";English;1;Renewed;2021-03-16T21:20:24.167-03:00;2021-11-22
Fire Chasers;Miniseries;4 episodes;"";English;0;Miniseries;2021-03-16T21:20:24.167-03:00;2021-11-22
Trailer Park Boys: The Animated Series;Mockumentary;1 season, 10 episodes;"";English;1;Pending;2021-03-16T21:20:24.167-03:00;2021-11-22
Trailer Park Boys Out of the Park: Europe;Mockumentary;1 season, 8 episodes;"";English;0;Ended;2021-03-16T21:20:24.167-03:00;2021-11-22
American Vandal;Mockumentary;2 seasons, 16 episodes;"";English;0;Ended;2021-03-16T21:20:24.167-03:00;2021-11-22
Trailer Park Boys Out of the Park: USA;Mockumentary;1 season, 8 episodes;"";English;0;Ended;2021-03-16T21:20:24.167-03:00;2021-11-22
Fastest Car;Motoring television series;1 season, 8 episodes;"";English;1;Renewed;2021-03-16T21:20:24.167-03:00;2021-11-22
Car Masters: Rust to Riches;Motoring television series;1 season, 8 episodes;"";English;1;Pending;2021-03-16T21:20:24.167-03:00;2021-11-22
Westside;Music;1 season, 8 episodes;"";English;1;Pending;2021-03-16T21:20:24.167-03:00;2021-11-22
Go! Live Your Way;Musical;2 seasons, 30 episodes;"";Spanish;1;Pending;2021-03-16T21:20:24.167-03:00;2021-11-22
The Get Down;Musical drama;2 parts, 11 episodes;"";English;0;Ended;2021-03-16T21:20:24.167-03:00;2021-11-22
Lost Song;Musical fantasy;1 season, 12 episodes;"";English;0;Ended;2021-03-16T21:20:24.167-03:00;2021-11-22
The OA;Mystery;2 parts, 16 episodes;"";English;1;Pending;2021-03-16T21:20:24.167-03:00;2021-11-22
The Society;Mystery drama;1 season, 10 episodes;"";English;1;Pending;2021-03-16T21:20:24.167-03:00;2021-11-22
High Seas;Mystery period drama;1 season, 8 episodes;"";Spanish;1;Renewed;2021-03-16T21:20:24.167-03:00;2021-11-22
72 Dangerous Animals: Asia;Nature;1 season, 12 episodes;"";English;1;Pending;2021-03-16T21:20:24.167-03:00;2021-11-22
72 Dangerous Animals: Latin America;Nature;1 season, 12 episodes;"";English;0;Ended;2021-03-16T21:20:24.167-03:00;2021-11-22
Our Planet;Nature documentary;8 episodes;"";English;0;Miniseries;2021-03-16T21:20:24.167-03:00;2021-11-22
Luke Cage;Neo-blaxploitation/neo-western;2 seasons, 26 episodes;"";English;0;Ended;2021-03-16T21:20:24.167-03:00;2021-11-22
Jessica Jones;Neo-noir/psychological thriller;3 seasons, 39 episodes;"";English;0;Ended;2021-03-16T21:20:24.167-03:00;2021-11-22
The Fix;Panel show;1 season, 10 episodes;"";English;1;Pending;2021-03-16T21:20:24.167-03:00;2021-11-22
Cable Girls;Period drama;3 seasons, 24 episodes;"";Spanish;1;Renewed;2021-03-16T21:20:24.167-03:00;2021-11-22
Most Beautiful Thing;Period drama;1 season, 7 episodes;"";Portuguese;1;Renewed;2021-03-16T21:20:24.167-03:00;2021-11-22
Delhi Crime;Police procedural;1 season, 7 episodes;"";Hindi;1;Pending;2021-03-16T21:20:24.167-03:00;2021-11-22
The Good Cop;Police procedural comedy-drama;1 season, 10 episodes;"";English;0;Ended;2021-03-16T21:20:24.167-03:00;2021-11-22
Ingobernable;Political drama;2 seasons, 27 episodes;"";Spanish;1;Pending;2021-03-16T21:20:24.167-03:00;2021-11-22
House of Cards;Political drama;6 seasons, 73 episodes;"";English;0;Ended;2021-03-16T21:20:24.167-03:00;2021-11-22
Marseille;Political drama;2 seasons, 16 episodes;"";French;0;Ended;2021-03-16T21:20:24.167-03:00;2021-11-22
The Rain;Post-apocalyptic drama;2 seasons, 14 episodes;"";Danish;1;Renewed;2021-03-16T21:20:24.167-03:00;2021-11-22
Gypsy;Psychological thriller;1 season, 10 episodes;"";English;0;Ended;2021-03-16T21:20:24.167-03:00;2021-11-22
Wormwood;Psychological drama;6 chapters;"";English;0;Miniseries;2021-03-16T21:20:24.167-03:00;2021-11-22
Amazing Interiors;Reality;1 season, 12 episodes;"";English;1;Pending;2021-03-16T21:20:24.167-03:00;2021-11-22
Magic for Humans;Reality;1 season, 6 episodes;"";English;1;Renewed;2021-03-16T21:20:24.167-03:00;2021-11-22
Stay Here;Reality;1 season, 8 episodes;"";English;1;Pending;2021-03-16T21:20:24.167-03:00;2021-11-22
First and Last;Reality;1 season, 6 episodes;"";English;1;Pending;2021-03-16T21:20:24.167-03:00;2021-11-22
Battlefish;Reality;1 season, 8 episodes;"";English;1;Pending;2021-03-16T21:20:24.167-03:00;2021-11-22
Death by Magic;Reality;1 season, 8 episodes;"";English;1;Pending;2021-03-16T21:20:24.167-03:00;2021-11-22
Nailed It! Mexico;Reality;1 season, 6 episodes;"";English;1;Pending;2021-03-16T21:20:24.167-03:00;2021-11-22
Dating Around;Reality;1 season, 6 episodes;"";English;1;Pending;2021-03-16T21:20:24.167-03:00;2021-11-22
Selling Sunset;Reality;1 season, 8 episodes;"";English;1;Pending;2021-03-16T21:20:24.167-03:00;2021-11-22
Nailed It! Holiday;Reality competition;1 season, 7 episodes;"";English;1;Pending;2021-03-16T21:20:24.167-03:00;2021-11-22
Tidying Up with Marie Kondo;Reality show;1 season, 8 episodes;"";English;1;Pending;2021-03-16T21:20:24.167-03:00;2021-11-22
Jailbirds;Reality television;1 season, 10 episodes;"";English;1;Pending;2021-03-16T21:20:24.167-03:00;2021-11-22
Awake: The Million Dollar Game;Reality television;1 season, 8 episodes;"";English;1;Pending;2021-03-16T21:20:24.167-03:00;2021-11-22
Flinch;Reality television/game show;1 season, 10 episodes;"";English;1;Pending;2021-03-16T21:20:24.167-03:00;2021-11-22
The Hook Up Plan;Romantic comedy;1 season, 8 episodes;"";French;1;Renewed;2021-03-16T21:20:24.167-03:00;2021-11-22
My First First Love;Romantic comedy;1 season, 8 episodes;"";Korean;1;Renewed;2021-03-16T21:20:24.167-03:00;2021-11-22
Love Alarm;Romantic comedy;a ser anunciado;"";Korean;1;Pending;2021-03-16T21:20:24.167-03:00;2021-11-22
Love;Romantic comedy;3 seasons, 34 episodes;"";English;0;Ended;2021-03-16T21:20:24.167-03:00;2021-11-22
Easy;Romantic comedy anthology;3 seasons, 25 episodes;"";English;0;Ended;2021-03-16T21:20:24.167-03:00;2021-11-22
Dear White People;Satire/Drama;2 volumes, 20 episodes;"";English;1;Renewed;2021-03-16T21:20:24.167-03:00;2021-11-22
Wet Hot American Summer: First Day of Camp;Satirical comedy;8 episodes;"";English;0;Miniseries;2021-03-16T21:20:24.167-03:00;2021-11-22
Wet Hot American Summer: Ten Years Later;Satirical comedy;8 episodes;"";English;0;Miniseries;2021-03-16T21:20:24.167-03:00;2021-11-22
Bill Nye Saves the World;Science;3 seasons, 25 episodes;"";English;0;Ended;2021-03-16T21:20:24.167-03:00;2021-11-22
Neo Yokio;Science fantasy comedy;2 seasons, 7 episodes;"";English;0;Ended;2021-03-16T21:20:24.167-03:00;2021-11-22
Altered Carbon;Science fiction;1 season, 10 episodes;"";English;1;Renewed;2021-03-16T21:20:24.167-03:00;2021-11-22
Lost in Space;Science fiction;1 season, 10 episodes;"";English;1;Renewed;2021-03-16T21:20:24.167-03:00;2021-11-22
Ultraman;Science fiction;1 season, 13 episodes;"";English;1;Renewed;2021-03-16T21:20:24.167-03:00;2021-11-22
7 Seeds;Science fiction;a ser anunciado;"";English;1;Pending;2021-03-16T21:20:24.167-03:00;2021-11-22
0.03;Science fiction;3 seasons, 26 episodes;"";Portuguese;1;Pending;2021-03-16T21:20:24.167-03:00;2021-11-22
Dark;Science fiction;2 seasons, 18 episodes;"";German;1;Renewed;2021-03-16T21:20:24.167-03:00;2021-11-22
Sense8;Science fiction;2 seasons, 24 episodes;"";English;0;Ended;2021-03-16T21:20:24.167-03:00;2021-11-22
A.I.C.O. -Incarnation-;Science fiction;1 season, 12 episodes;"";English;0;Ended;2021-03-16T21:20:24.167-03:00;2021-11-22
Switched;Science fiction;1 season, 6 episodes;"";Japanese;0;Ended;2021-03-16T21:20:24.167-03:00;2021-11-22
Osmosis;Science fiction/drama;1 season, 8 episodes;"";French;1;Pending;2021-03-16T21:20:24.167-03:00;2021-11-22
Stranger Things;Science fiction/horror;2 seasons, 17 episodes;"";English;1;Renewed;2021-03-16T21:20:24.167-03:00;2021-11-22
Greenhouse Academy;Science fiction/teen drama;2 seasons, 24 episodes;"";English;1;Renewed;2021-03-16T21:20:24.167-03:00;2021-11-22
White Rabbit Project;Science investigation;1 season, 10 episodes;"";English;0;Ended;2021-03-16T21:20:24.167-03:00;2021-11-22
Another Life;Science-fiction;a ser anunciado;"";English;1;Pending;2021-03-16T21:20:24.167-03:00;2021-11-22
Fuller House;Sitcom;4 seasons, 57 episodes;"";English;1;Renewed;2021-03-16T21:20:24.167-03:00;2021-11-22
The Ranch;Sitcom;6 parts, 60 episodes;"";English;1;Renewed;2021-03-16T21:20:24.167-03:00;2021-11-22
F Is for Family;Sitcom;3 seasons, 26 episodes;"";English;1;Renewed;2021-03-16T21:20:24.167-03:00;2021-11-22
Alexa & Katie;Sitcom;2 seasons, 23 episodes;"";English;1;Renewed;2021-03-16T21:20:24.167-03:00;2021-11-22
Prince of Peoria;Sitcom;2 parts, 16 episodes;"";English;1;Pending;2021-03-16T21:20:24.167-03:00;2021-11-22
No Good Nick;Sitcom;1 part, 10 episodes;"";English;1;Renewed;2021-03-16T21:20:24.167-03:00;2021-11-22
One Day at a Time;Sitcom;3 seasons, 39 episodes;"";English;0;Ended;2021-03-16T21:20:24.167-03:00;2021-11-22
Richie Rich;Sitcom;2 seasons, 21 episodes;"";English;0;Ended;2021-03-16T21:20:24.167-03:00;2021-11-22
I Think You Should Leave with Tim Robinson;Sketch comedy;1 season, 6 episodes;"";English;1;Renewed;2021-03-16T21:20:24.167-03:00;2021-11-22
W/ Bob & David;Sketch comedy;1 season, 5 episodes;"";English;0;Ended;2021-03-16T21:20:24.167-03:00;2021-11-22
Netflix Presents: The Characters;Sketch comedy;1 season, 8 episodes;"";English;0;Ended;2021-03-16T21:20:24.167-03:00;2021-11-22
What/If;Social thriller anthology;1 part, 10 episodes;"";English;1;Pending;2021-03-16T21:20:24.167-03:00;2021-11-22
Made In Mexico;Spanish language reality series;1 season, 8 episodes;"";English;1;Pending;2021-03-16T21:20:24.167-03:00;2021-11-22
Last Chance U;Sport;3 parts, 23 episodes;"";English;1;Renewed;2021-03-16T21:20:24.167-03:00;2021-11-22
First Team: Juventus;Sport;2 parts, 6 episodes;"";English;1;Pending;2021-03-16T21:20:24.167-03:00;2021-11-22
Sunderland 'Til I Die;Sport;1 season, 8 episodes;"";English;1;Pending;2021-03-16T21:20:24.167-03:00;2021-11-22
Losers;Sport;1 collection, 8 episodes;"";English;1;Pending;2021-03-16T21:20:24.167-03:00;2021-11-22
Cricket Fever: Mumbai Indians;Sport;1 season, 8 episodes;"";English;1;Pending;2021-03-16T21:20:24.167-03:00;2021-11-22
Formula 1: Drive to Survive;Sport;1 season, 10 episodes;"";English;1;Pending;2021-03-16T21:20:24.167-03:00;2021-11-22
Fearless;Sport;6 episodes;"";English;0;Miniseries;2021-03-16T21:20:24.167-03:00;2021-11-22
Coach Snoop;Sport;1 season, 8 episodes;"";English;0;Ended;2021-03-16T21:20:24.167-03:00;2021-11-22
1983;Spy thriller;1 season, 8 episodes;"";Polish;1;Renewed;2021-03-16T21:20:24.167-03:00;2021-11-22
Rilakkuma and Kaoru;Stop motion slice of life;1 season, 13 episodes;"";English;1;Pending;2021-03-16T21:20:24.167-03:00;2021-11-22
Super Drags;Superhero-LGBT comedy;1 season, 5 episodes;"";English;0;Ended;2021-03-16T21:20:24.167-03:00;2021-11-22
The Umbrella Academy;Superhero action;1 season, 10 episodes;"";English;1;Renewed;2021-03-16T21:20:24.167-03:00;2021-11-22
The Defenders;Superhero action/drama;8 episodes;"";English;0;Miniseries;2021-03-16T21:20:24.167-03:00;2021-11-22
Sword Gai: The Animation;Supernatural;2 seasons, 24 episodes;"";English;1;Pending;2021-03-16T21:20:24.167-03:00;2021-11-22
The Innocents;Supernatural fiction;1 season, 8 episodes;"";English;0;Ended;2021-03-16T21:20:24.167-03:00;2021-11-22
The Order;Supernatural horror drama;1 season, 10 episodes;"";English;1;Renewed;2021-03-16T21:20:24.167-03:00;2021-11-22
Chilling Adventures of Sabrina;Supernatural coming-of-age horror;2 parts, 20 episodes;"";English;1;Renewed;2021-03-16T21:20:24.167-03:00;2021-11-22
Tidelands;Supernatural crime drama;1 season, 8 episodes;"";English;1;Pending;2021-03-16T21:20:24.167-03:00;2021-11-22
Always a Witch;Supernatural drama;1 season, 10 episodes;"";Spanish;1;Renewed;2021-03-16T21:20:24.167-03:00;2021-11-22
Devilman Crybaby;Supernatural horror;10 episodes;"";English;0;Miniseries;2021-03-16T21:20:24.167-03:00;2021-11-22
The Protector;Supernatural mystery;2 seasons, 18 episodes;"";Turkish;1;Renewed;2021-03-16T21:20:24.167-03:00;2021-11-22
B: The Beginning;Suspense;1 season, 12 episodes;"";English;1;Renewed;2021-03-16T21:20:24.167-03:00;2021-11-22
Norm Macdonald Has a Show;Talk show;1 season, 10 episodes;"";English;1;Pending;2021-03-16T21:20:24.167-03:00;2021-11-22
Patriot Act with Hasan Minhaj;Talk show;3 volumes, 19 episodes;"";English;1;Renewed;2021-03-16T21:20:24.167-03:00;2021-11-22
Free Rein;Teen drama;2 seasons, 20 episodes;"";English;1;Renewed;2021-03-16T21:20:24.167-03:00;2021-11-22
13 Reasons Why;Teen drama/mystery;2 seasons, 26 episodes;"";English;1;Renewed;2021-03-16T21:20:24.167-03:00;2021-11-22
Chambers;Teen psychological thriller;1 season, 10 episodes;"";English;0;Ended;2021-03-16T21:20:24.167-03:00;2021-11-22
Shadow;Thriller;1 season, 8 episodes;"";English;1;Pending;2021-03-16T21:20:24.167-03:00;2021-11-22
Bloodline;Thriller;3 seasons, 33 episodes;"";English;0;Ended;2021-03-16T21:20:24.167-03:00;2021-11-22
The Chosen One;Thriller drama;a ser anunciado;"";Portuguese;1;Pending;2021-03-16T21:20:24.167-03:00;2021-11-22
Jack Whitehall: Travels with My Father;Travel documentary;2 seasons, 11 episodes;"";English;1;Pending;2021-03-16T21:20:24.167-03:00;2021-11-22
Somebody Feed Phil;Travel documentary;2 seasons, 12 episodes;"";English;1;Renewed;2021-03-16T21:20:24.167-03:00;2021-11-22
Ugly Delicious;Travel documentary;1 season, 8 episodes;"";English;1;Renewed;2021-03-16T21:20:24.167-03:00;2021-11-22
Dark Tourist;Travel documentary;1 season, 8 episodes;"";English;1;Pending;2021-03-16T21:20:24.167-03:00;2021-11-22
FightWorld;Travel documentary;1 season, 5 episodes;"";English;1;Pending;2021-03-16T21:20:24.167-03:00;2021-11-22
Salt, Fat, Acid, Heat;Travel documentary;4 episodes;"";English;0;Miniseries;2021-03-16T21:20:24.167-03:00;2021-11-22
The Confession Tapes;True crime;2 seasons, 11 episodes;"";English;1;Pending;2021-03-16T21:20:24.167-03:00;2021-11-22
Murder Mountain;True crime;1 season, 6 episodes;"";English;1;Pending;2021-03-16T21:20:24.167-03:00;2021-11-22
Examination of Conscience;True crime;1 season, 3 episodes;"";English;1;Pending;2021-03-16T21:20:24.167-03:00;2021-11-22
The Alcàsser Murders;True crime;1 season, 5 episodes;"";English;1;Pending;2021-03-16T21:20:24.167-03:00;2021-11-22
Exhibit A;True crime;a ser anunciado;"";English;1;Pending;2021-03-16T21:20:24.167-03:00;2021-11-22
Shot in the Dark;True crime;1 season, 8 episodes;"";English;0;Ended;2021-03-16T21:20:24.167-03:00;2021-11-22
Evil Genius: The True Story of America's Most Diabolical Bank Heist;True crime;4 episodes;"";English;0;Miniseries;2021-03-16T21:20:24.167-03:00;2021-11-22
The Innocent Man;True crime;6 episodes;"";English;0;Miniseries;2021-03-16T21:20:24.167-03:00;2021-11-22
Conversations with a Killer: The Ted Bundy Tapes;True crime;4 episodes;"";English;0;Miniseries;2021-03-16T21:20:24.167-03:00;2021-11-22
The Disappearance of Madeleine McCann;True crime;8 episodes;"";English;0;Miniseries;2021-03-16T21:20:24.167-03:00;2021-11-22
A Little Help with Carol Burnett;Variety show;1 season, 12 episodes;"";English;0;Ended;2021-03-16T21:20:24.167-03:00;2021-11-22
Godless;Western;7 episodes;"";English;0;Miniseries;2021-03-16T21:20:24.167-03:00;2021-11-22
Black Summer;Zombie drama;1 season, 8 episodes;"";English;1;Pending;2021-03-16T21:20:24.167-03:00;2021-11-22
Word Party;childrens-animation;3 seasons, 40 episodes;"";English;1;Renewed;2021-03-16T21:20:24.167-03:00;2021-11-22
Ask the StoryBots;childrens-animation;2 seasons, 14 episodes;"";English;1;Renewed;2021-03-16T21:20:24.167-03:00;2021-11-22
Legend Quest;childrens-animation;1 season, 13 episodes;"";English;1;Renewed;2021-03-16T21:20:24.167-03:00;2021-11-22
Spirit Riding Free;childrens-animation;8 seasons, 52 episodes;"";English;1;Pending;2021-03-16T21:20:24.167-03:00;2021-11-22
True and the Rainbow Kingdom;childrens-animation;2 seasons, 14 episodes;"";English;1;Renewed;2021-03-16T21:20:24.167-03:00;2021-11-22
Super Monsters;childrens-animation;2 seasons, 16 episodes;"";English;1;Renewed;2021-03-16T21:20:24.167-03:00;2021-11-22
Stretch Armstrong and the Flex Fighters;childrens-animation;2 seasons, 23 episodes;"";English;1;Pending;2021-03-16T21:20:24.167-03:00;2021-11-22
Trolls: The Beat Goes On!;childrens-animation;6 seasons, 38 episodes;"";English;1;Pending;2021-03-16T21:20:24.167-03:00;2021-11-22
Llama Llama;childrens-animation;1 season, 15 episodes;"";English;1;Renewed;2021-03-16T21:20:24.167-03:00;2021-11-22
The Boss Baby: Back in Business;childrens-animation;2 seasons, 26 episodes;"";English;1;Pending;2021-03-16T21:20:24.167-03:00;2021-11-22
Spy Kids: Mission Critical;childrens-animation;2 seasons, 20 episodes;"";English;1;Pending;2021-03-16T21:20:24.167-03:00;2021-11-22
The Hollow;childrens-animation;1 season, 10 episodes;"";English;1;Renewed;2021-03-16T21:20:24.167-03:00;2021-11-22
Harvey Girls Forever!;childrens-animation;2 seasons, 26 episodes;"";English;1;Pending;2021-03-16T21:20:24.167-03:00;2021-11-22
The Epic Tales of Captain Underpants;childrens-animation;2 seasons, 26 episodes;"";English;1;Renewed;2021-03-16T21:20:24.167-03:00;2021-11-22
Cupcake & Dino: General Services;childrens-animation;2 seasons, 26 episodes;"";English;1;Pending;2021-03-16T21:20:24.167-03:00;2021-11-22
The Dragon Prince;childrens-animation;2 seasons, 18 episodes;"";English;1;Renewed;2021-03-16T21:20:24.167-03:00;2021-11-22
Hilda;childrens-animation;1 season, 13 episodes;"";English;1;Renewed;2021-03-16T21:20:24.167-03:00;2021-11-22
Larva Island;childrens-animation;2 seasons, 26 episodes;"";English;1;Pending;2021-03-16T21:20:24.167-03:00;2021-11-22
She-Ra and the Princesses of Power;childrens-animation;2 seasons, 20 episodes;"";English;1;Renewed;2021-03-16T21:20:24.167-03:00;2021-11-22
Kulipari: Dream Walker;childrens-animation;1 season, 10 episodes;"";English;1;Pending;2021-03-16T21:20:24.167-03:00;2021-11-22
Motown Magic;childrens-animation;1 season, 25 episodes;"";English;1;Renewed;2021-03-16T21:20:24.167-03:00;2021-11-22
3Below: Tales of Arcadia;childrens-animation;1 part, 13 episodes;"";English;1;Renewed;2021-03-16T21:20:24.167-03:00;2021-11-22
Pinky Malinky;childrens-animation;2 parts, 44 episodes;"";English;1;Renewed;2021-03-16T21:20:24.167-03:00;2021-11-22
Carmen Sandiego;childrens-animation;1 season, 9 episodes;"";English;1;Renewed;2021-03-16T21:20:24.167-03:00;2021-11-22
YooHoo to the Rescue;childrens-animation;1 season, 26 episodes;"";English;1;Pending;2021-03-16T21:20:24.167-03:00;2021-11-22
Charlie's Colorforms City;childrens-animation;1 season, 13 episodes;"";English;1;Pending;2021-03-16T21:20:24.167-03:00;2021-11-22
Mighty Little Bheem;childrens-animation;1 season, 21 episodes;"";English;1;Pending;2021-03-16T21:20:24.167-03:00;2021-11-22
Super Monsters Monster Pets;childrens-animation;1 season, 5 episodes;"";English;1;Pending;2021-03-16T21:20:24.167-03:00;2021-11-22
Ever After High;childrens-animation;5 seasons, 17 episodes;"";English;0;Ended;2021-03-16T21:20:24.167-03:00;2021-11-22
Turbo Fast;childrens-animation;3 seasons, 52 episodes;"";English;0;Ended;2021-03-16T21:20:24.167-03:00;2021-11-22
VeggieTales in the House;childrens-animation;4 seasons, 52 episodes;"";English;0;Ended;2021-03-16T21:20:24.167-03:00;2021-11-22
All Hail King Julien;childrens-animation;5 seasons, 65 episodes;"";English;0;Ended;2021-03-16T21:20:24.167-03:00;2021-11-22
The Adventures of Puss in Boots;childrens-animation;6 seasons, 78 episodes;"";English;0;Ended;2021-03-16T21:20:24.167-03:00;2021-11-22
Dragons: Race to the Edge;childrens-animation;6 seasons, 78 episodes;"";English;0;Ended;2021-03-16T21:20:24.167-03:00;2021-11-22
Dinotrux;childrens-animation;5 seasons, 52 episodes;"";English;0;Ended;2021-03-16T21:20:24.167-03:00;2021-11-22
The Mr. Peabody & Sherman Show;childrens-animation;4 seasons, 52 episodes;"";English;0;Ended;2021-03-16T21:20:24.167-03:00;2021-11-22
Popples;childrens-animation;3 seasons, 26 episodes;"";English;0;Ended;2021-03-16T21:20:24.167-03:00;2021-11-22
Care Bears and Cousins;childrens-animation;2 seasons, 12 episodes;"";English;0;Ended;2021-03-16T21:20:24.167-03:00;2021-11-22
Dawn of the Croods;childrens-animation;4 seasons, 52 episodes;"";English;0;Ended;2021-03-16T21:20:24.167-03:00;2021-11-22
Lego Bionicle: The Journey to One;childrens-animation;2 seasons, 5 episodes;"";English;0;Ended;2021-03-16T21:20:24.167-03:00;2021-11-22
Lego Friends: The Power of Friendship;childrens-animation;2 seasons, 4 episodes;"";English;0;Ended;2021-03-16T21:20:24.167-03:00;2021-11-22
Kong: King of the Apes;childrens-animation;2 seasons, 23 episodes;"";English;0;Ended;2021-03-16T21:20:24.167-03:00;2021-11-22
Voltron: Legendary Defender;childrens-animation;8 seasons, 78 episodes;"";English;0;Ended;2021-03-16T21:20:24.167-03:00;2021-11-22
Justin Time GO!;childrens-animation;1 season, 13 episodes;"";English;0;Ended;2021-03-16T21:20:24.167-03:00;2021-11-22
Home: Adventures with Tip & Oh;childrens-animation;4 seasons, 52 episodes;"";English;0;Ended;2021-03-16T21:20:24.167-03:00;2021-11-22
Kulipari: An Army of Frogs;childrens-animation;1 season, 13 episodes;"";English;0;Ended;2021-03-16T21:20:24.167-03:00;2021-11-22
Skylanders Academy;childrens-animation;3 seasons, 38 episodes;"";English;0;Ended;2021-03-16T21:20:24.167-03:00;2021-11-22
World of Winx;childrens-animation;2 seasons, 26 episodes;"";English;0;Ended;2021-03-16T21:20:24.167-03:00;2021-11-22
Luna Petunia;childrens-animation;3 seasons, 22 episodes;"";English;0;Ended;2021-03-16T21:20:24.167-03:00;2021-11-22
Trollhunters: Tales of Arcadia;childrens-animation;3 parts, 52 episodes;"";English;0;Ended;2021-03-16T21:20:24.167-03:00;2021-11-22
Edgar Rice Burroughs' Tarzan and Jane;childrens-animation;2 seasons, 13 episodes;"";English;0;Ended;2021-03-16T21:20:24.167-03:00;2021-11-22
We're Lalaloopsy;childrens-animation;1 season, 13 episodes;"";English;0;Ended;2021-03-16T21:20:24.167-03:00;2021-11-22
VeggieTales in the City;childrens-animation;2 seasons, 26 episodes;"";English;0;Ended;2021-03-16T21:20:24.167-03:00;2021-11-22
Buddy Thunderstruck;childrens-animation;1 season, 12 episodes;"";English;0;Ended;2021-03-16T21:20:24.167-03:00;2021-11-22
All Hail King Julien: Exiled;childrens-animation;1 season, 13 episodes;"";English;0;Ended;2021-03-16T21:20:24.167-03:00;2021-11-22
Lego Elves: Secrets of Elvendale;childrens-animation;1 season, 8 episodes;"";English;0;Ended;2021-03-16T21:20:24.167-03:00;2021-11-22
The Magic School Bus Rides Again;childrens-animation;2 seasons, 26 episodes;"";English;0;Ended;2021-03-16T21:20:24.167-03:00;2021-11-22
Dinotrux Supercharged;childrens-animation;3 seasons, 26 episodes;"";English;0;Ended;2021-03-16T21:20:24.167-03:00;2021-11-22
Luna Petunia: Return to Amazia;childrens-animation;2 seasons, 11 episodes;"";English;0;Ended;2021-03-16T21:20:24.167-03:00;2021-11-22
True: Magical Friends;childrens-animation;1 season, 5 episodes;"";English;0;Ended;2021-03-16T21:20:24.167-03:00;2021-11-22
True: Wonderful Wishes;childrens-animation;1 season, 5 episodes;"";English;0;Ended;2021-03-16T21:20:24.167-03:00;2021-11-22
Dance & Sing with True;chrildrens musical short;1 season, 11 episodes;"";English;1;Pending;2021-03-16T21:20:24.167-03:00;2021-11-22
Super Monsters Monster Party;chrildrens musical short;1 season, 4 episodes;"";English;1;Pending;2021-03-16T21:20:24.167-03:00;2021-11-22
True Tunes;chrildrens musical short;a ser anunciado;"";English;1;Pending;2021-03-16T21:20:24.167-03:00;2021-11-22
